<?xml version="1.0" encoding="UTF-8"?>
<GenRun Id="impl_1" LaunchPart="xc7a35tcpg236-1" LaunchTime="1724824135">
  <File Type="ROUTE-PWR" Name="parking_lot_power_routed.rpt"/>
  <File Type="PA-TCL" Name="parking_lot.tcl"/>
  <File Type="BITSTR-MMI" Name="parking_lot.mmi"/>
  <File Type="OPT-METHODOLOGY-DRC" Name="parking_lot_methodology_drc_opted.rpt"/>
  <File Type="INIT-TIMING" Name="parking_lot_timing_summary_init.rpt"/>
  <File Type="ROUTE-PWR-SUM" Name="parking_lot_power_summary_routed.pb"/>
  <File Type="REPORTS-TCL" Name="parking_lot_reports.tcl"/>
  <File Type="OPT-TIMING" Name="parking_lot_timing_summary_opted.rpt"/>
  <File Type="OPT-DCP" Name="parking_lot_opt.dcp"/>
  <File Type="OPT-DRC" Name="parking_lot_drc_opted.rpt"/>
  <File Type="OPT-HWDEF" Name="parking_lot.hwdef"/>
  <File Type="PWROPT-DCP" Name="parking_lot_pwropt.dcp"/>
  <File Type="PWROPT-DRC" Name="parking_lot_drc_pwropted.rpt"/>
  <File Type="PWROPT-TIMING" Name="parking_lot_timing_summary_pwropted.rpt"/>
  <File Type="PLACE-DCP" Name="parking_lot_placed.dcp"/>
  <File Type="PLACE-IO" Name="parking_lot_io_placed.rpt"/>
  <File Type="PLACE-CLK" Name="parking_lot_clock_utilization_placed.rpt"/>
  <File Type="PLACE-UTIL" Name="parking_lot_utilization_placed.rpt"/>
  <File Type="PLACE-UTIL-PB" Name="parking_lot_utilization_placed.pb"/>
  <File Type="PLACE-CTRL" Name="parking_lot_control_sets_placed.rpt"/>
  <File Type="PLACE-SIMILARITY" Name="parking_lot_incremental_reuse_placed.rpt"/>
  <File Type="PLACE-PRE-SIMILARITY" Name="parking_lot_incremental_reuse_pre_placed.rpt"/>
  <File Type="BG-BIN" Name="parking_lot.bin"/>
  <File Type="PLACE-TIMING" Name="parking_lot_timing_summary_placed.rpt"/>
  <File Type="POSTPLACE-PWROPT-DCP" Name="parking_lot_postplace_pwropt.dcp"/>
  <File Type="BITSTR-MSK" Name="parking_lot.msk"/>
  <File Type="POSTPLACE-PWROPT-TIMING" Name="parking_lot_timing_summary_postplace_pwropted.rpt"/>
  <File Type="PHYSOPT-DCP" Name="parking_lot_physopt.dcp"/>
  <File Type="PHYSOPT-DRC" Name="parking_lot_drc_physopted.rpt"/>
  <File Type="BITSTR-RBT" Name="parking_lot.rbt"/>
  <File Type="PHYSOPT-TIMING" Name="parking_lot_timing_summary_physopted.rpt"/>
  <File Type="ROUTE-ERROR-DCP" Name="parking_lot_routed_error.dcp"/>
  <File Type="ROUTE-DCP" Name="parking_lot_routed.dcp"/>
  <File Type="ROUTE-BLACKBOX-DCP" Name="parking_lot_routed_bb.dcp"/>
  <File Type="ROUTE-DRC" Name="parking_lot_drc_routed.rpt"/>
  <File Type="ROUTE-DRC-PB" Name="parking_lot_drc_routed.pb"/>
  <File Type="ROUTE-DRC-RPX" Name="parking_lot_drc_routed.rpx"/>
  <File Type="ROUTE-METHODOLOGY-DRC" Name="parking_lot_methodology_drc_routed.rpt"/>
  <File Type="ROUTE-METHODOLOGY-DRC-RPX" Name="parking_lot_methodology_drc_routed.rpx"/>
  <File Type="ROUTE-METHODOLOGY-DRC-PB" Name="parking_lot_methodology_drc_routed.pb"/>
  <File Type="ROUTE-PWR-RPX" Name="parking_lot_power_routed.rpx"/>
  <File Type="ROUTE-STATUS" Name="parking_lot_route_status.rpt"/>
  <File Type="ROUTE-STATUS-PB" Name="parking_lot_route_status.pb"/>
  <File Type="ROUTE-TIMINGSUMMARY" Name="parking_lot_timing_summary_routed.rpt"/>
  <File Type="ROUTE-TIMING-PB" Name="parking_lot_timing_summary_routed.pb"/>
  <File Type="ROUTE-TIMING-RPX" Name="parking_lot_timing_summary_routed.rpx"/>
  <File Type="ROUTE-SIMILARITY" Name="parking_lot_incremental_reuse_routed.rpt"/>
  <File Type="ROUTE-CLK" Name="parking_lot_clock_utilization_routed.rpt"/>
  <File Type="ROUTE-BUS-SKEW" Name="parking_lot_bus_skew_routed.rpt"/>
  <File Type="ROUTE-BUS-SKEW-PB" Name="parking_lot_bus_skew_routed.pb"/>
  <File Type="ROUTE-BUS-SKEW-RPX" Name="parking_lot_bus_skew_routed.rpx"/>
  <File Type="POSTROUTE-PHYSOPT-DCP" Name="parking_lot_postroute_physopt.dcp"/>
  <File Type="POSTROUTE-PHYSOPT-BLACKBOX-DCP" Name="parking_lot_postroute_physopt_bb.dcp"/>
  <File Type="POSTROUTE-PHYSOPT-TIMING" Name="parking_lot_timing_summary_postroute_physopted.rpt"/>
  <File Type="POSTROUTE-PHYSOPT-TIMING-PB" Name="parking_lot_timing_summary_postroute_physopted.pb"/>
  <File Type="POSTROUTE-PHYSOPT-TIMING-RPX" Name="parking_lot_timing_summary_postroute_physopted.rpx"/>
  <File Type="POSTROUTE-PHYSOPT-BUS-SKEW" Name="parking_lot_bus_skew_postroute_physopted.rpt"/>
  <File Type="BG-BIT" Name="parking_lot.bit"/>
  <File Type="POSTROUTE-PHYSOPT-BUS-SKEW-PB" Name="parking_lot_bus_skew_postroute_physopted.pb"/>
  <File Type="POSTROUTE-PHYSOPT-BUS-SKEW-RPX" Name="parking_lot_bus_skew_postroute_physopted.rpx"/>
  <File Type="BITSTR-NKY" Name="parking_lot.nky"/>
  <File Type="BITSTR-BMM" Name="parking_lot_bd.bmm"/>
  <File Type="PDI-FILE" Name="parking_lot.pdi"/>
  <File Type="RCFI_FILE" Name="parking_lot.rcfi"/>
  <File Type="CFI_FILE" Name="parking_lot.cfi"/>
  <File Type="RNPI_FILE" Name="parking_lot.rnpi"/>
  <File Type="NPI_FILE" Name="parking_lot.npi"/>
  <File Type="RBD_FILE" Name="parking_lot.rbd"/>
  <File Type="BITSTR-LTX" Name="debug_nets.ltx"/>
  <File Type="BITSTR-LTX" Name="parking_lot.ltx"/>
  <File Type="BITSTR-SYSDEF" Name="parking_lot.sysdef"/>
  <File Type="BG-BGN" Name="parking_lot.bgn"/>
  <File Type="BG-DRC" Name="parking_lot.drc"/>
  <File Type="RDI-RDI" Name="parking_lot.vdi"/>
  <File Type="WBT-USG" Name="usage_statistics_webtalk.html"/>
  <FileSet Name="sources" Type="DesignSrcs" RelSrcDir="$PSRCDIR/sources_1" RelGenDir="$PGENDIR/sources_1">
    <Filter Type="Srcs"/>
    <File Path="$PSRCDIR/sources_1/new/parking_lot.v">
      <FileInfo>
        <Attr Name="UsedIn" Val="synthesis"/>
        <Attr Name="UsedIn" Val="implementation"/>
        <Attr Name="UsedIn" Val="simulation"/>
      </FileInfo>
    </File>
    <Config>
      <Option Name="DesignMode" Val="RTL"/>
      <Option Name="TopModule" Val="parking_lot"/>
      <Option Name="TopAutoSet" Val="TRUE"/>
    </Config>
  </FileSet>
  <FileSet Name="constrs_in" Type="Constrs" RelSrcDir="$PSRCDIR/constrs_1">
    <Filter Type="Constrs"/>
    <Config>
      <Option Name="ConstrsType" Val="XDC"/>
    </Config>
  </FileSet>
  <FileSet Name="utils" Type="Utils" RelSrcDir="$PSRCDIR/utils_1">
    <Filter Type="Utils"/>
    <Config>
      <Option Name="TopAutoSet" Val="TRUE"/>
    </Config>
  </FileSet>
  <Strategy Version="1" Minor="2">
    <StratHandle Name="Vivado Implementation Defaults" Flow="Vivado Implementation 2021">
      <Desc>Default settings for Implementation.</Desc>
    </StratHandle>
    <Step Id="init_design"/>
    <Step Id="opt_design"/>
    <Step Id="power_opt_design"/>
    <Step Id="place_design"/>
    <Step Id="post_place_power_opt_design"/>
    <Step Id="phys_opt_design"/>
    <Step Id="route_design"/>
    <Step Id="post_route_phys_opt_design"/>
    <Step Id="write_bitstream"/>
  </Strategy>
</GenRun>
